графіті,817,20584,8395.50293,2.15538,2661.01,"Корнієнко, Корпус графіті Софії Київської, ч. <focus_corpus>",inscription ,B-inscription,B-inscription,
Розташування,280,4541,2877.28394,0.4755,1950.724,"ІІ, 2 ) Розташування. <focus_corpus>",other ,B-other,B-inscription,
датування,362,12692,3719.91699,1.329,1597.647,Датування. 1582 р.; за прямим датуванням. <focus_corpus>,dating criteria ,B-dating_criteria ,B-inscription,
прокреслений,140,1117,1438.64197,0.11696,1288.89,На поверхні личкувального розчину прокреслений простий чотириконечний хрест. <focus_corpus>,execution technique,B-execution_technique,B-inscription,
прорисовка,117,238,1202.29358,0.02492,1174.035,"Висоцьким, хоча прорізи інших літер добре помітні на опублікованій ним фотографії та прорисовці. <focus_corpus>",other,B-other,B-inscription,
хрещальня,114,503,1171.46558,0.05267,1113.802,Анфіма Фреска розташована у південно-східному куті хрещальні. <focus_corpus>,monument subtype,B-monument_subtype,B-inscription,
тиньк,109,2198,1120.08545,0.23016,911.336,Знаходиться на фресковому тиньку фасадної стіни північної сходової вежі ( табл. <focus_corpus>,material,B-material,B-inscription,
скорописний,87,245,894.01318,0.02565,872.627,Середина – кінець XVII ст.; за скорописними формами написання літер та формою прорізів. <focus_corpus>,other,B-other,B-inscription,
теонімограма,69,1,709.04492,0.0001,709.971,"Хрести, монограми, теонімограми. 87 В. <focus_corpus>",epigraphic shorthand,B-epigraphic_shorthand,B-inscription,
монограма,70,4158,719.32098,0.43539,501.829,"Хрести, монограми, теонімограми. 87 В. <focus_corpus>",epigraphic shorthand,B-epigraphic_shorthand,B-inscription,
формa прорізi,234,41736,2404.58716,4.37024,447.948,Друга чверть ХІ – кінець XVI ст.; за формою прорізів. <focus_corpus>,dating criteria,B-dating_criteria ,B-inscription I-inscription,формa прорізi B-Inscription I-Inscription
Графіті,46,798,472.69662,0.08356,437.167,Графіті на західному фасаді Софійського собору Графіті No 315 ( табл. <focus_corpus>,inscription ,B-inscription,B-inscription,
фреска,199,41313,2044.92676,4.32595,384.143,На фресці прокреслені літери П Д Р Ф. <focus_corpus>,object type,B-object_type,B-inscription,
засічка,34,1736,349.38446,0.18178,296.489,"Точну кількість вертикальних засічок, з яких він складається, встановити не вдається. <focus_corpus>",symble,B-symble,B-inscription,
Граффити-молитвыа,21,0,215.7963,0,216.796,"Корниенко, Граффити-молитвы к Сорока святым мученикам.., с. 225, рис. 9. <focus_corpus>",inscription type,B-inscription_type,B-inscription,
збереженість,40,8691,411.04056,0.91005,215.723,"Збереженість тиньку відносно добра, незважаючи на низку вибоїв. <focus_corpus>",preservation state,B-preservation state,B-inscription,
Датування,21,138,215.7963,0.01445,213.708,"Мученики, дайте мені милість Божу від мук вогняних і від пекельних... Датування. <focus_corpus>",dating criteria ,B-dating criteria ,B-inscription,
зондаж,21,639,215.7963,0.06691,203.2,"Висота від рівня нижнього краю зондажу 31 см, відстань від лівого краю зондажу 38 см. <focus_corpus>",other ,B-other ,B-inscription,
нартекс,22,1206,226.0723,0.12628,201.612,Нині більша частина поверхні стін нартексу закрита нейтральним тоном. <focus_corpus>,monument subtype,B-monument subtype,B-inscription,
затертий,27,5523,277.45236,0.57832,176.423,"Поверхня стіни в місці розташування напису сильно затерта, одна зі складових знищена вибоєм. <focus_corpus>",preservation state,B-preservation state,B-inscription,
напис,544,294516,5590.15137,30.83922,175.606,Графіті містить дві складові – малюнок та напис. <focus_corpus>, inscription , inscription ,B-inscription,
щогла,47,20823,482.97266,2.18041,152.173,Вони помітні у верхній частині щогли та правій частині перекладини. <focus_corpus>,object type,object type,B-inscription,
перемичка,39,20381,400.76453,2.13413,128.19,Друга чверть ХІІ – кінець XV ст.; за формою написання и з горизонтальною перемичкою та структурою формули. <focus_corpus>,symble,symble,B-inscription,
аркбутан,11,270,113.03615,0.02827,110.901,"Гуцуляком були проведені аналізи розчинів з цієї частини собору, які й дозволили встановити приблизний вік побудови підпірного стовпа під аркбутан. <focus_corpus>",object type,oject type,B-inscription,
дипінт,10,22,102.76014,0.0023,103.522,Виявленим дипінті та графіті надані номери від 609-го по 616-й ( табл. <focus_corpus>,other,othe,B-inscription,
мармуровий,44,33061,452.14459,3.46187,101.559,На поверхні мармурової колони подвійними замкненими рисками прокреслений чотириконечний хрест. <focus_corpus>,material,material,B-inscription,
Фреска,11,1358,113.03615,0.1422,99.839,Графіті на фресці з зображенням орнаменту Фреска розташована на південній стороні південного виступу апсиди хрещальні. <focus_corpus>,object type,object type,B-inscription,
ГРАФІТІ,9,66,92.48412,0.00691,92.842,ГРАФІТІ У ХРЕЩАЛЬНІ СОФІЙСЬКОГО СОБОРУ Хрещальня Софійського собору ( табл. <focus_corpus>,inscription, inscription,B-inscription,
апсида,15,6684,154.14021,0.69989,91.265,Графіті на фресці з зображенням орнаменту Фреска розташована на південній стороні південного виступу апсиди хрещальні. <focus_corpus>,object type,object type,B-inscription,
перекладина,21,13707,215.7963,1.43528,89.023,Вони помітні у верхній частині щогли та правій частині перекладини. <focus_corpus>,object type,object type,B-inscription,
дієслово-прохання,8,0,82.20811,0,83.208,На фресці прокреслене дієслово-прохання помени 'пом'яни '. <focus_corpus>,other ,other ,B-inscription,
мурування,9,3907,92.48412,0.40911,66.343,Знаходиться на північній стіні між двома її середніми виступами у невеликому зондажі давнього мурування ( табл. <focus_corpus>,object type,objct type,B-inscription,
підлога,335,534553,3442.4646,55.97386,60.439,"Висота від рівня давньої підлоги 193 см, відстань від лівого кута стіни 224 см. <focus_corpus>",object type,object type,B-inscription,
словазвернення,5,0,51.38007,0,52.38,"На фресці прокреслені літери Г, що є традиційним скороченням словазвернення Г ( оспод ) и 'Господи '. <focus_corpus>",other ,other ,B-inscription,
граффити,5,211,51.38007,0.02209,51.248,"Высоцкий, Киевские граффити.., с. 33, табл. <focus_corpus>",inscription ,inscription ,B-inscription,
кут,284,546427,2918.38794,57.21721,50.146,"Висота від рівня ґрунту 118 см, відстань від лівого кута стіни 138 см. <focus_corpus>",object type,object type,B-inscription,
епіграфіка,5,983,51.38007,0.10293,47.492,"Вивчення софійської епіграфіки здійснювалось мною під керівництвом доктора історичних наук, професора Н. <focus_corpus>",other ,other ,B-inscription,
надпис,17,27177,174.69223,2.84575,45.685,"Высоцкий, Древнерусские надписи Софии Киевской.., с. 108 – 109, табл. <focus_corpus>", inscriptiona, inscriptiona,B-inscription,
дієслова-прохання,4,0,41.10405,0,42.104,"На фрагменті фрескового тиньку простежуються літери ПО, які найімовірніше розглядати як частину дієслова-прохання по [ мози ] 'поможи '. <focus_corpus>",other ,other ,B-inscription,
орнітоморфний,4,178,41.10405,0.01864,41.334,"Орнітоморфні зображення 546, 547. <focus_corpus>",other ,other ,B-inscription,
втрачений,69,162097,709.04492,16.97342,39.505,Фреска втрачена також і в нижній частині. <focus_corpus>,preservation state,preservation state,B-inscription,
собор,153,426835,1572.2301,44.69454,34.429,"Тож вірогідніше, що колона походить все ж з Софійського собору. <focus_corpus>",monument,monument,B-inscription,
опис,356,1029991,3658.26099,107.85192,33.617,Опис. <focus_corpus>,inscription, inscription,B-inscription,
зооморфний,4,2986,41.10405,0.31267,32.075,"Зооморфні зображення 615, 713. <focus_corpus>",other,other,B-inscription,
антропоморфний,5,6081,51.38007,0.63675,32.002,Антропоморфні зображення. <focus_corpus>,other ,other ,B-inscription,
Голгофа,8,15305,82.20811,1.60261,31.971,Основа щогли спирається на відкриту донизу прямокутну Голгофу. <focus_corpus>,object type,object type,B-inscription,
написам-графіт,3,0,30.82804,0,31.828,"Образ святого ідентифікується завдяки двом написам-графіті, які повідомляють його ім'я ( No 432 та No 433 ) 49. <focus_corpus>",inscription , inscription ,B-inscription,
дієслово-звернення,3,0,30.82804,0,31.828,На поверхні фрески прокреслене дієслово-звернення помѧн ( и ) 'пом'яни '. <focus_corpus>,other ,other ,B-inscription,
слово-звернення,3,31,30.82804,0.00325,31.725,На фресці прокреслене слово-звернення Господи 'Господи '. <focus_corpus>,other,other,B-inscription,
синтрон,3,35,30.82804,0.00366,31.712,"Висота від верхньої лави синтрону 170 см, відстань від лівого ребра 45 см. <focus_corpus>",object type,object type,B-inscription,
палеография,3,65,30.82804,0.00681,31.613,"Палеография берестяных грамот и их внестратиграфическое датирование, Москва 2000, с. 134 – 429; методика була апробована на київських епіграфічних матеріалах: А.А. <focus_corpus>",dating criteria,dating criteria,B-inscription,
Опис,18,47629,184.96825,4.98731,31.06,"Проте, зважаючи на зауваження читачів, що при такому викладенні матеріалу, особливо, коли різночитань багато, такий текст доволі складний для сприйняття, то всі різночитання в ідентифікації окремих літер присутні у наступній частині "" Опис "" та винесені у посилання. <focus_corpus>",inscription ,inscription ,B-inscription,
карниз,12,36417,123.31216,3.81328,25.827,Колодницьким карниз було розчищено від коричневої фарби на всю збережену довжину. <focus_corpus>,object type,object type,B-inscription,
колона,61,226255,626.83685,23.69151,25.427,На поверхні мармурової колони подвійними замкненими рисками прокреслений чотириконечний хрест. <focus_corpus>,object type,object type,B-inscription,
СОБОР,3,2470,30.82804,0.25864,25.288,ГРАФІТІ У ХРЕЩАЛЬНІ СОФІЙСЬКОГО СОБОРУ Хрещальня Софійського собору ( табл. <focus_corpus>,monument ,monument ,B-inscription,
хрест,75,290523,770.70105,30.4211,24.56,На поверхні личкувального розчину прокреслений простий чотириконечний хрест. <focus_corpus>,decoration,decoration,B-inscription,
написи-дипінт,2,0,20.55203,0,21.552,"Кінець XVI – кінець XVII ст.; за скорописними формами написання літер та за аналогією з іншими написами-дипінті Софії Київської, виконаними такою ж червоною фарбою. <focus_corpus>",inscription type,inscription type,B-inscription,
написи-прокляття,2,0,20.55203,0,21.552,"Написи поділяються на наступні категорії: 1 ) молитовні написи, які мають у своєму тексті звернення до Господа або святих та прохання автора; 2 ) пам'ятні написи, що виконувалися з метою закріплення пам'яті про подію, незалежно від її значущості, будь-то смерть якоїсь особи, знаної лише в певній місцевості чи в усій державі, відвідання храму певною особою або інша подія місцевого, загальнодержавного чи навіть світового ( наприклад, очікування кінця світу ) значення; 3 ) цитати та посилання на твори книжної писемності, до якої зараховуються написи, що є уривками окремих цитат зі Старого та Нового Завітів, богослужебних та літургійних творів, указівки на відповідні глави Святого Письма; 4 ) написи-прокляття, що виявляють прагнення їх авторів вилаяти або висловити різкий осуд чи обурення щодо вчинків, здійснених певною особою, проклясти винуватців; 5 ) написи-покаяння, що є сповіддю автора перед Богом за вчинений проступок; 6 ) написи-запитання, де об'єднуються вислови у вигляді звернених до Господа, святих або людей запитань, у контексті софійської епіграфіки здебільшого риторичних; 7 ) підписи до фрескових образів, що об'єднують записи, текст яких складається тільки з імені святого, зображеного на фресці; _ _ _ _ _ _ _ _ _ _ _ _ _ _ _ <focus_corpus>",inscription type,inscription type,B-inscription,
написи-покаяння,2,0,20.55203,0,21.552,"Написи поділяються на наступні категорії: 1 ) молитовні написи, які мають у своєму тексті звернення до Господа або святих та прохання автора; 2 ) пам'ятні написи, що виконувалися з метою закріплення пам'яті про подію, незалежно від її значущості, будь-то смерть якоїсь особи, знаної лише в певній місцевості чи в усій державі, відвідання храму певною особою або інша подія місцевого, загальнодержавного чи навіть світового ( наприклад, очікування кінця світу ) значення; 3 ) цитати та посилання на твори книжної писемності, до якої зараховуються написи, що є уривками окремих цитат зі Старого та Нового Завітів, богослужебних та літургійних творів, указівки на відповідні глави Святого Письма; 4 ) написи-прокляття, що виявляють прагнення їх авторів вилаяти або висловити різкий осуд чи обурення щодо вчинків, здійснених певною особою, проклясти винуватців; 5 ) написи-покаяння, що є сповіддю автора перед Богом за вчинений проступок; 6 ) написи-запитання, де об'єднуються вислови у вигляді звернених до Господа, святих або людей запитань, у контексті софійської епіграфіки здебільшого риторичних; 7 ) підписи до фрескових образів, що об'єднують записи, текст яких складається тільки з імені святого, зображеного на фресці; _ _ _ _ _ _ _ _ _ _ _ _ _ _ _ _ _ _ _ _ _ _ _ _ _ _ _ _ _ _ _ _ _ _ _ _ _ _ _ _ _ <focus_corpus>",inscription type,inscription type,B-inscription,
написи-запитання,2,1,20.55203,0.0001,21.55,"Написи поділяються на наступні категорії: 1 ) молитовні написи, які мають у своєму тексті звернення до Господа або святих та прохання автора; 2 ) пам'ятні написи, що виконувалися з метою закріплення пам'яті про подію, незалежно від її значущості, будь-то смерть якоїсь особи, знаної лише в певній місцевості чи в усій державі, відвідання храму певною особою або інша подія місцевого, загальнодержавного чи навіть світового ( наприклад, очікування кінця світу ) значення; 3 ) цитати та посилання на твори книжної писемності, до якої зараховуються написи, що є уривками окремих цитат зі Старого та Нового Завітів, богослужебних та літургійних творів, указівки на відповідні глави Святого Письма; 4 ) написи-прокляття, що виявляють прагнення їх авторів вилаяти або висловити різкий осуд чи обурення щодо вчинків, здійснених певною особою, проклясти винуватців; 5 ) написи-покаяння, що є сповіддю автора перед Богом за вчинений проступок; 6 ) написи-запитання, де об'єднуються вислови у вигляді звернених до Господа, святих або людей запитань, у контексті софійської епіграфіки здебільшого риторичних; 7 ) підписи до фрескових образів, що об'єднують записи, текст яких складається тільки з імені святого, зображеного на фресці; _ _ _ _ _ _ _ _ _ _ _ _ _ _ _ _ _ _ _ _ _ _ _ _ _ _ _ _ _ _ _ _ _ _ _ _ _ _ _ _ _ _ _ _ _ _ _ _ _ _ _ _ _ _ А.А <focus_corpus>",inscription type,inscription type,B-inscription,
МАРМУРОВИЙ,2,47,20.55203,0.00492,21.446,"ГРАФІТІ НА МАРМУРОВИХ КОЛОНАХ У НАРТЕКСІ СОФІЙСЬКОГО СОБОРУ Цей розділ присвячений публікації епіграфічних пам'яток, що знаходяться на поверхні двох мармурових колон, які нині експонуються у нартексі Софії Київської під східною стіною обабіч входу до храму. <focus_corpus>",material,material,B-inscription,
диграф,2,903,20.55203,0.09455,19.69,"Висоцький вказав у цьому місці диграф оу, хоча насправді тут чітко простежується тільки літера у. <focus_corpus>",epigraphic shorthand,epigraphioc shotrhand,B-inscription,
плінфа,2,1581,20.55203,0.16555,18.491,На поверхні торця плінфи простежуються три літери КОН. <focus_corpus>,material,material,B-inscription,
палеографія,2,1652,20.55203,0.17298,18.374,"Рибакова, що спираються на вивчення саме речової палеографії XI – XIV ст.6 Однак результати досліджень цих двох авторів слід залучати доволі обережно, позаяк результати сучасних епіграфічних досліджень доводять відмінність форм написання літер представниками новгородської та київської писемних шкіл, і низка палеографічних ознак не співвідносять хронологічно, а деякі київські форми написання літер взагалі відсутні у новгородських грамотах. <focus_corpus>",dating criteria,dating criteria,B-inscription,
збережений,18,106951,184.96825,11.199,15.245,"Права частина напису знищена обвалом тиньку, а збережені складові пошкоджені вибоями. <focus_corpus>",preservation state, preservation state,B-inscription,
Пам''ятка,3,11915,30.82804,1.24764,14.161,"Матеріали ІІІ Міжнародної науково-практичної конференції "" Пам'ятки Національного заповідника "" Софія Київська "" та сучасні тенденції музейної науки "" ( м. <focus_corpus>",inscription type,inscription type,B-inscription,
берест,2,5599,20.55203,0.58628,13.587,"Зализняк, Новгородские грамоты на бересте ( из раскопок 1990 – 1996 гг. ). <focus_corpus>",material,material,B-inscription,
шпаклівка,5,27492,51.38007,2.87873,13.504,"Висоцького початкові літери були розчищені від шпаклівки, внаслідок чого прорізи стали глибшими та ширшими порівняно з іншими. <focus_corpus>",material,material,B-inscription,
археографія,2,6333,20.55203,0.66314,12.959,"Корнієнко, 2016 © Інститут української археографії та джерелознавства ім. <focus_corpus>",other,other,B-inscription,
Мармуровий,2,6372,20.55203,0.66722,12.927,"Графіті на мармуровій колоні у північній частині нартексу Мармурова колона довжиною близько 3,5 м, що нині експонується в північній частині нартексу ( табл. <focus_corpus>",material,material,B-inscription,
дієслова-прохання,1,0,10.27601,0,11.276,"Відмінок імені, що співвідноситься з дієсловами-проханнями пом'яни, помилуй або спаси, дозволяє визначити, що перед нами скорочена форма молитовного звернення. <focus_corpus>",other ,other ,B-inscription,
ХРЕЩАЛЬНЯ,1,0,10.27601,0,11.276,ГРАФІТІ У ХРЕЩАЛЬНІ СОФІЙСЬКОГО СОБОРУ Хрещальня Софійського собору ( табл. <focus_corpus>,monument subtype,monument subtype,B-inscription,
напис-покаяння,1,0,10.27601,0,11.276,Напис-покаяння. <focus_corpus>,inscription type,inscription type,B-inscription,
дієслова-звернення,1,0,10.27601,0,11.276,"На фресці прокреслені літери ПОМ, які найвірогідніше розглядати як скорочену форму дієслова-звернення пом ( ѧни ) 'пом'яни '. <focus_corpus>",other ,other ,B-inscription,
напису-графіт,1,1,10.27601,0.0001,11.275,"Особливості розташування напису-графіті не лишають сумніву в тому, що його було нанесено під час виконання оздоблювальних робіт у хрещальні, коли тут стояло риштування та розписувалась верхня частина композиції "" Сорок мучеників Севастійських "", що складалась з мандорли із зображенням Ісуса Христа у центрі зверху та вінців мучеників обабіч неї нижче. <focus_corpus>",inscription ,inscripiton ,B-inscription,
протогеральдичний,1,1,10.27601,0.0001,11.275,"Фергюсона21 ); 4 ) предмети релігійного вжитку та артефакти, що включають малюнки різних предметів, які можуть бути пов'язані з християнським символізмом ( чаші, списи, євхаристичний хліб тощо ); 5 ) символи, пов'язані з землею та небом, куди відносяться малюнки небесних тіл, зображення яких також може тлумачитись з позицій християнського символізму ( сонце, зірка ); 6 ) антропоморфні зображення, що складають схематичні або реалістичні малюнки людей, які не можуть розглядатись як зображення святих, оскільки не мають відповідних атрибутів ( німби, підписи ); 7 ) зооморфні зображення, що містять малюнки різноманітних тварин ( коні, собаки, кішки тощо ); 8 ) орнітоморфні зображення, що об'єднують малюнки різноманітних птахів ( голуби, павичі, соколи тощо ); 9 ) іхтіоморфні зображення, що включають різноманітні зображення риб; 10 ) зображення храмів, до яких відносяться малюнки культових споруд; 11 ) сюжетні зображення, куди відносять малюнки, що мають на меті висвітлення певної події релігійного чи світського змісту; 12 ) емблеми, до яких зараховують протогеральдичні символи, тобто, різноманітні літерні, геометричні або інші знаки, близькі до клейм на предметах, печатках, князівські тамги тощо. _ _ _ _ _ _ _ _ _ _ _ _ _ _ _ _ _ _ _ _ _ _ _ _ _ _ _ _ _ _ _ _ _ _ _ _ _ _ _ _ _ _ _ _ _ _ _ _ _ _ _ _ _ _ 21 Д. <focus_corpus>",other,other,B-inscription,
Тиньк,1,2,10.27601,0.00021,11.274,"Поверхня стіни в місці розташування напису сильно пошкоджена, тому частина його складових не збереглась: г ---- о | ꙁ ------ оемꙋ | -- ефаноу --- | пав195едоро --- | га -- | гедѵл --- о --- | п рабусв --- | ост - | пану Через низку втрат повна реконструкція тексту ускладнена, відновленню підлягають тільки початок та закінчення напису: Г ( оспод ) [ и пом ] ози... [ св ] оемꙋ [ Ст ] ефаноу... Пав ( лоу ) едороу... рабу св [ оему ]... и Ио [ ану ], Ст [ е ] пану. _ _ _ _ _ _ _ _ _ _ _ _ _ _ _ _ _ _ _ _ _ _ _ _ _ _ _ _ _ _ _ _ _ _ _ _ _ _ _ _ _ _ _ _ _ _ _ _ _ _ _ _ _ _ Тиньк в місці розташування літери викришився, але вона впевнено визначається за контурами вибою та контекстом. 195 103 В. <focus_corpus>",material ,material ,B-inscription,
НАРТЕКС,1,17,10.27601,0.00178,11.256,"ГРАФІТІ НА МАРМУРОВИХ КОЛОНАХ У НАРТЕКСІ СОФІЙСЬКОГО СОБОРУ Цей розділ присвячений публікації епіграфічних пам'яток, що знаходяться на поверхні двох мармурових колон, які нині експонуються у нартексі Софії Київської під східною стіною обабіч входу до храму. <focus_corpus>",monument subtype, monument subtype,B-inscription,
крещальний,1,27,10.27601,0.00283,11.244,"Корниенко, Граффити-молитвы к Сорока святым мученикам в крещальне Софийского собора: к проблеме изучения культов святых в Киевской Руси, Софійські читання. <focus_corpus>",monument subtype,monument subtype,B-inscription,
христограма,1,34,10.27601,0.00356,11.236,"Малюнки поділяються на наступні категорії: 1 ) хрести, монограми та теонімограми, що включає в себе хрести різноманітної форми, христограми, монограми Богородиці, складові підписів ІС ХС та NIKA; 2 ) зображення анеглів та святих, куди відносять малюнки, які достеменно можуть бути визначені як святі образи ( мають німб, підпис ); 3 ) символи, пов'язані з частинами людського тіла, до якої зараховуються малюнки рук у жесті благословення, відкритих долонь, голів тощо ( для номенклатури цієї та наступної категорії я спираюсь на Дж. <focus_corpus>",epigraphic shorthand,epigraphic shorthand,B-inscription,
хрест-якор,1,36,10.27601,0.00377,11.234,На поверхні мармурової колони подвійними замкненими рисками прокреслений малюнок хреста-якоря. <focus_corpus>,decoration,decoration,B-inscription,
АРХЕОГРАФІЯ,1,43,10.27601,0.0045,11.225,НАЦІОНАЛЬНА АКАДЕМІЯ НАУК УКРАЇНИ ІНСТИТУТ УКРАЇНСЬКОЇ АРХЕОГРАФІЇ ТА ДЖЕРЕЛОЗНАВСТВА ІМ. <focus_corpus>,other ,other ,B-inscription,
слова-звернення,1,60,10.27601,0.00628,11.206,"Права частина напису знищена обвалом тиньку, проте його складові збереглись доволі добре, текст впевнено реконструюється як традиційна молитва, що складається зі слова-звернення Г ( оспод ) [ и ] 'Господи '. <focus_corpus>",other ,other ,B-inscription,
ФАСАД,1,974,10.27601,0.10199,10.232,"ГРАФІТІ НА ФАСАДАХ СОФІЙСЬКОГО СОБОРУ Більша частина давнього мурування Софії Київської нині захована під пізнішим личкувальних розчином, вкритим побілкою, тож для вивчення наразі доступна тільки її частина, відкрита зондажами. <focus_corpus>",object type,object type,B-inscription,
Мармур,1,1117,10.27601,0.11696,10.095,Графіті на мармурових колонах у нартексі Софійського собору _ _ _ _ _ _ _ _ _ _ _ _ _ _ _ _ _ _ _ _ _ _ _ _ _ _ _ _ _ _ _ _ _ _ _ _ _ _ _ _ _ _ _ _ _ _ _ _ _ _ _ _ _ _ _ _ _ _ _ _ _ _ _ _ _ _ _ _ _ _ _ _ _ _ _ _ _ _ _ _ _ _ _ _ _ _ _ _ _ _ _ _ _ _ _ _ _ _ _ _ _ _ _ _ _ _ _ _ _ _ _ _ _ _ _ _ _ _ _ _ _ _ _ _ _ _ _ _ 1 2 3 4 5 Таблиця ХІ Мармурові колони в експозиції нартексу Софійського собору: 1 – колона та база у північній частині нартексу; 2 – колона та база у південній частині нартексу; 3 – верхня частина бази колони у північній частині нартексу з робочою позначкою; 4 – верхня частина колони у північній частині нартексу з робочою позначкою; 5 – верхня частина бази колони у південній частині нартексу з робочою позначкою 33 В. <focus_corpus>,material ,material ,B-inscription,
надгробок,3,20587,30.82804,2.1557,10.086,"А для надгробку використали мармурову деталь з собору, у якому він служив. <focus_corpus>",object type,object type,B-inscription,
есхатологія,1,2034,10.27601,0.21298,9.296,"Корнієнко, Графіті – записи лічби з Софії Київської: нове джерело для дослідження розвитку ідей "" малої есхатології "" Давньої Русі, Філософські ідеї в культурі Київської Русі. <focus_corpus>",other ,other ,B-inscription,
берестяний,1,2195,10.27601,0.22984,9.169,"Залізняка, що спираються на аналіз форм написання літер новгородських берестяних грамот ХІ – середини XV ст.5, та Б. <focus_corpus>",material,material,B-inscription,
розспів,1,2280,10.27601,0.23874,9.103,"Корпус графіті Софії Київської _ _ _ _ _ _ _ _ _ _ _ _ _ _ _ _ _ _ _ _ _ _ _ _ _ _ _ _ _ _ _ _ _ _ _ _ _ _ _ _ _ _ _ _ _ _ _ _ _ _ _ _ _ _ _ _ _ _ _ _ _ _ _ _ _ _ _ _ _ _ _ _ _ _ _ _ _ _ _ _ _ _ _ _ _ _ _ _ _ _ _ _ _ _ _ _ _ _ _ _ _ _ _ _ _ _ _ _ _ _ _ _ _ _ _ _ _ _ _ _ _ _ _ _ _ _ _ _ 8 ) окремі слова та словосполучення, куди включені написи, текст яких складається з одного слова або невеличкого речення, мету яких встановити важко, тож їх не можна віднести до попередніх категорій; 9 ) написи музичного змісту, до яких належать численні приклади розспівів ( аненайок тощо ), залишені авторами на стінах собору; 10 ) написи календарного змісту, що включають різні зразки розрахунку пересувних християнських свят, насамперед, Великодня; 11 ) абетки, склади та окремі літери, до якої належать повні та неповні записи абеток, окремих та декількох ( до десяти ) літер; 12 ) написи, зміст яких не встановлений, що складає певну групу великих за обсягом текстів, які скидаються просто на хаотичний набір літер ( більше десяти ); 13 ) фрагменти написів, куди належать сильно пошкоджені графіті, від яких <focus_corpus>",other ,other ,B-inscription,
табличка,9,92557,92.48412,9.69178,8.744,"На фресці прокреслений шестикінечний хрест, що складається зі щогли, перекладини та символічної таблички над головою Ісуса Христа. <focus_corpus>",object type,object type,B-inscription,
медальйон,2,14502,20.55203,1.51853,8.557,"Графіті на внутрішній стороні аркбутана На внутрішній поверхні аркбутана збереглась невелика ділянка фрескового тиньку з образом святого юного мученика у круглому медальйоні, трохи вище якого помітна нижня частина аналогічного медальйону. <focus_corpus>",object type,object type,B-inscription,
мармур,5,53637,51.38007,5.61641,7.917,Ці мармурові колони були виявлені архітектором М. <focus_corpus>,material ,material ,B-inscription,
церковь,1,4209,10.27601,0.44073,7.827,"Появу напису вірогідніше пов'язувати з подіями початку XV ст., коли у Великому князівстві литовському було обрано митрополитом Григорія Цамблака замість митрополита Фотія, який занедбав головний храм митрополії: "" паче точію приходы и прибытки церковныа собираетъ, всякое узорочіе, старое устроеніе, и вещи драгиа и всю честь великіа Кіевскіа церкви на ино мѣсто преноситъ, идѣже живетъ, еже есть во глаголемый тамо градъ Москву; и се нынѣ до конца Кіевскаа церковь, столъ митропольскійб запустѣ, и сице намъ скорбь и печаль веліа о велицѣй соборнѣи церкви Кіевской "" 29. <focus_corpus>",monument,monument,B-inscription,
запис,60,834148,616.56085,87.3449,6.99,Рахункова частина дворядкового запису обчислення кількості проведених поминальних служб. <focus_corpus>,inscription ,inscription ,B-inscription,
крапка,9,122086,92.48412,12.78381,6.782,На фресці прокреслений чотириконечний хрест з розширеними у вигляді заглиблених крапок кінцями. <focus_corpus>,symble,symble,B-inscription,
чаша,8,111764,82.20811,11.70298,6.55,Друга третина ХІI ст.; за формою написання ч у вигляді пласкої чаші. <focus_corpus>,object type,object type,B-inscription,
фанерний,1,6958,10.27601,0.72858,6.523,"Графіті з зображенням орнаменту Фреска розташована на південному схилі невеликої арки, закритої нині фанерним щитом, а в давнину наскрізної, що сполучала апсиду хрещальні та західну внутрішню галерею Софійського собору. <focus_corpus>",material,material,B-inscription,
клеймо,1,7591,10.27601,0.79487,6.282,"Фергюсона21 ); 4 ) предмети релігійного вжитку та артефакти, що включають малюнки різних предметів, які можуть бути пов'язані з християнським символізмом ( чаші, списи, євхаристичний хліб тощо ); 5 ) символи, пов'язані з землею та небом, куди відносяться малюнки небесних тіл, зображення яких також може тлумачитись з позицій християнського символізму ( сонце, зірка ); 6 ) антропоморфні зображення, що складають схематичні або реалістичні малюнки людей, які не можуть розглядатись як зображення святих, оскільки не мають відповідних атрибутів ( німби, підписи ); 7 ) зооморфні зображення, що містять малюнки різноманітних тварин ( коні, собаки, кішки тощо ); 8 ) орнітоморфні зображення, що об'єднують малюнки різноманітних птахів ( голуби, павичі, соколи тощо ); 9 ) іхтіоморфні зображення, що включають різноманітні зображення риб; 10 ) зображення храмів, до яких відносяться малюнки культових споруд; 11 ) сюжетні зображення, куди відносять малюнки, що мають на меті висвітлення певної події релігійного чи світського змісту; 12 ) емблеми, до яких зараховують протогеральдичні символи, тобто, різноманітні літерні, геометричні або інші знаки, близькі до клейм на предметах, печатках, князівські тамги тощо. _ _ _ _ _ _ _ _ _ _ _ _ _ _ _ _ _ _ _ _ _ _ _ _ _ _ _ _ _ _ _ _ _ _ _ _ _ _ _ _ _ _ _ _ _ _ _ _ _ _ _ _ _ _ 21 Д. <focus_corpus>",object type,object type,B-inscription,
фасад,17,277604,174.69223,29.06834,5.843,Графіті на західному фасаді Софійського собору Графіті No 315 ( табл. <focus_corpus>,object type,object type,B-inscription,
іконографія,1,8952,10.27601,0.93738,5.82,"Графіті на фресці з зображенням Сорока мучеників Севастійських Фреска розташована на південній стіні хрещальні, сюжет впевнено визначається завдяки іконографії та численним написам-графіті, що називають зображених тут святих. <focus_corpus>",other ,other ,B-inscription,
лопатка,4,61610,41.10405,6.45128,5.651,"Графіті на фресці з зображенням орнаменту Фреска розташована у північно-східному куті хрещальні, на південній грані західної лопатки виступу стіни. <focus_corpus>",object type,object type,B-inscription,
пам''ятка,36,626053,369.93649,65.55497,5.573,Тому в цьому підрозділі епіграфічні пам'ятки публікуються без фотографій та прорисів. <focus_corpus>,inscription type,inscription type,B-inscription,
нава,1,14751,10.27601,1.5446,4.431,"ІІІ: Центральна нава, К. 2011, 400 с.; В.В. <focus_corpus>",monument subtype,monument subtype,B-inscription,
олійний,3,61566,30.82804,6.44667,4.274,"Вочевидь, напис був затертий під час реставраційних робіт, коли з фрески зчищався олійний живопис. <focus_corpus>",material,material,B-inscription,
цвинтар,2,122627,20.55203,12.84046,1.557,"Найвірогідніше, він входив до кліру Святої Софії і був похований на монастирському цвинтарі. <focus_corpus>",monument ,monument ,B-inscription,
каплиця,1,84129,10.27601,8.80928,1.15,"Корнієнко, Вірменські графіті на стінах Софії Київської та деякі питання розташування й часу функціонування "" вірменської каплиці "", Культура і мистецтво вірменської діаспори в Україні: Матеріали Міжнародної науково-практичної конференції ( Львів, 19 – 20 листопада 2011 ), Л. 2012, с. 54. 19 В.В. <focus_corpus>",monument ,monument ,B-inscription,
плита,3,299862,30.82804,31.39901,0.982,"Тоді було виявлено давню шиферну підлогу ХІ ст., відкриту ще у 1930-х рр., проте пізніше закриту чавунними плитами на засипці забрудненого піску. <focus_corpus>",object type,object type,B-inscription,
резиденція,1,114122,10.27601,11.94989,0.871,"Однак, зважаючи на його наявність у стінах митрополичої резиденції на фресці з зображенням Сорока мучеників, найвірогідніше пов'язати його або з особою осліпленого Василька Ростиславича Теребовлянського, підкресливши його мучеництво. <focus_corpus>",monument,monument,B-inscription,
обкладинка,1,116060,10.27601,12.15282,0.857,Кучеренко Дизайн обкладинки – А. <focus_corpus>,object type,object type,B-inscription,
вставка,1,121953,10.27601,12.76989,0.819,"У нижній частині фреска має сліди ремонту – первісний тиньк ХІ ст. відсутній, а на його місці знаходиться вставка, за своїм складом ідентична фресковому тиньку апсиди ХІІ ст. <focus_corpus>",object type,object type,B-inscription,
олівець,1,125586,10.27601,13.1503,0.797,"Поверхня личкувального розчину в цих зондажах часто вкрита сучасними написами, виконаними олівцем або видряпаними, причому нерідко з ерозією, внаслідок чого вони скидаються на стародавні. <focus_corpus>",material ,material ,B-inscription,
візерунок,1,127035,10.27601,13.30203,0.788,"На поверхні личкувального розчину прокреслений візерунок у вигляді подвійного кола, що орнаментоване всередині завитками. <focus_corpus>",decoration,decoration,B-inscription,
огорожа,1,132898,10.27601,13.91595,0.756,"Щуруповим у 1838 р., який провів розкопки на Софійському подвір'ї ( "" у кількох місцях церковної огорожі "" ) та виявив низку мармурових архітектурних деталей, в тому числі й дві колони41. <focus_corpus>",object type,object type,B-inscription,
розпис,1,159924,10.27601,16.74589,0.635,"Графіті на західній стороні північного виступу стіни На сьогоднішній день ця ділянка стіни, де зберігся фресковий тиньк з розписом другої чверті ХІ ст., практично повністю закрита кладкою підпірного стовпа під аркбутан, що був зведений наприкінці ХІ ст. <focus_corpus>",other,other,B-inscription,
монастир,2,538660,20.55203,56.40391,0.375,"Мушинка, Краснобрідський монастир Зіслання Святого Духа, Енциклопедія сучасної України, [ електронний ресурс ], режим доступу: http://esu.com.ua/search_articles.php?id=2873. 205 221 В. <focus_corpus>",monument ,monument ,B-inscription,
блок,3,840141,30.82804,87.97244,0.358,"Усі вони знаходяться на першому ( західному ) мармуровому блоці карнизу, самому довгому зі збережених ( табл. <focus_corpus>",object type,object type,B-inscription,
камінь,1,294472,10.27601,30.83461,0.354,"ІV ) в окремих місцях збереглись залишки фрескового тиньку, проте більшість його втрачена, тож перед очима маємо кладку, що складається з брил каменю, плінфи та личкувального розчину. <focus_corpus>",material ,material ,B-inscription,
портал,1,319690,10.27601,33.47523,0.327,"( якщо вона знаходилась біля західного порталу, що зруйнувався у цей час ), або до межі XVII – XVIII ст., коли масштабні будівельні роботи змінили зовнішній вигляд храму і колони були забрані та перебували на софійському подвір'ї, допоки не були присипані землею до їх виявлення у 1838 р. <focus_corpus>",object type,object type,B-inscription,
матеріал,15,4588380,154.14021,480.45624,0.322,"Така невелика кількість епіграфічних матеріалів, порівняно з іншими частинами Софійського собору, обумовлена поганим станом збереження фрескового тиньку західної зовнішньої галереї. <focus_corpus>",material ,material ,B-inscription,
ікона,1,327162,10.27601,34.25763,0.32,"Запаском описи з фотографіями сторінок рукописів8, форми написання літер у легендах на монетах початку ХІ ст. – Володимира, Святополка та Ярослава9, матеріали сфрагістики10, дипінті пам'яток монументальної архітектури Києва ( Софійський собор, Кирилівська церква ) чи ікон. <focus_corpus>",object type,object type,B-inscription,
Церква,3,1057638,30.82804,110.74689,0.285,"Матеріали науково-практичної конференції "" Гетьман Іван Мазепа – будівничий Української Православної Церкви "" ( 22 – 23 вересня 2009 р., м. <focus_corpus>",monument ,monument ,B-inscription,
споруда,2,760578,20.55203,79.64128,0.267,"Фергюсона21 ); 4 ) предмети релігійного вжитку та артефакти, що включають малюнки різних предметів, які можуть бути пов'язані з християнським символізмом ( чаші, списи, євхаристичний хліб тощо ); 5 ) символи, пов'язані з землею та небом, куди відносяться малюнки небесних тіл, зображення яких також може тлумачитись з позицій християнського символізму ( сонце, зірка ); 6 ) антропоморфні зображення, що складають схематичні або реалістичні малюнки людей, які не можуть розглядатись як зображення святих, оскільки не мають відповідних атрибутів ( німби, підписи ); 7 ) зооморфні зображення, що містять малюнки різноманітних тварин ( коні, собаки, кішки тощо ); 8 ) орнітоморфні зображення, що об'єднують малюнки різноманітних птахів ( голуби, павичі, соколи тощо ); 9 ) іхтіоморфні зображення, що включають різноманітні зображення риб; 10 ) зображення храмів, до яких відносяться малюнки культових споруд; 11 ) сюжетні зображення, куди відносять малюнки, що мають на меті висвітлення певної події релігійного чи світського змісту; 12 ) емблеми, до яких зараховують протогеральдичні символи, тобто, різноманітні літерні, геометричні або інші знаки, близькі до клейм на предметах, печатках, князівські тамги тощо. _ _ _ _ _ _ _ _ _ _ _ _ _ _ _ _ _ _ _ _ _ _ _ _ _ _ _ _ _ _ _ _ _ _ _ _ _ _ _ _ _ _ _ _ _ _ <focus_corpus>",onject type,onject type,B-inscription,
поль,1,393663,10.27601,41.22105,0.267,"Загалом у невеликому відкритому зондажем полі давньої фрески збереглось шість давніх графіті, яким надано номери від 4245-го по 4250-й ( табл. <focus_corpus>",object type,object type,B-inscription,
школа,2,4733414,20.55203,495.64301,0.043,"Вплив цієї традиції на київську ( софійську ) писемну школу слід пов'язувати з перебуванням свити митрополита Кипріана31, який з березня 1396 р. близько півтора року знаходився у Києві32. <focus_corpus>",monument ,monument ,B-inscription,
абетка,33,33942,339.10846,3.55412,74.682,"Абетки, склади та окремі літери. 45 В. <focus_corpus>",object type,object type,B-inscription,
епіграфічний,36,1307,369.93649,0.13686,326.282,На початку планомірних епіграфічних досліджень у 2006 р. мною було вирішено продовжити нумерацію С. <focus_corpus>,other ,other ,B-inscription,
фресковий,42,3319,431.59259,0.34754,321.025,Знаходиться на фресковому тиньку фасадної стіни північної сходової вежі ( табл. <focus_corpus>,other ,other ,B-inscription,
личкувальний,22,356,226.0723,0.03728,0.03728,На поверхні личкувального розчину прокреслений простий чотириконечний хрест. <focus_corpus>,other ,other ,B-inscription,
молитовний,137,60575,1407.81384,6.3429,191.861,На фресці виконане молитовне звернення: Помени Марка. <focus_corpus>,other ,other ,B-inscription,
палеографічний,9,947,92.48412,92.48412,85.05,"Друга чверть XІІ – початок ХІІІ ст.; за формою написання и, л, о та ѧ з покриттям та нахиленої праворуч Ъ-подібної з; найвірогідніше друга третина ХІІ ст.; за типовістю поширення таких палеографічних ознак. <focus_corpus>",dating critera,dating critera,B-inscription,
петля,93,129737,955.66925,13.58496,65.593,Друга чверть ХІІ ст.; за формою написання в з нижньою петлею кутом вперед. <focus_corpus>,other,other,B-inscription,
дипітний,4,1,41.10405,41.10405,42.1,"Корпус графіті Софії Київської _ _ _ _ _ _ _ _ _ _ _ _ _ _ _ _ _ _ _ _ _ _ _ _ _ _ _ _ _ _ _ _ _ _ _ _ _ _ _ _ _ _ _ _ _ _ _ _ _ _ _ _ _ _ _ _ _ _ _ _ _ _ _ _ _ _ _ _ _ _ _ _ _ _ _ _ _ _ _ _ _ _ _ _ _ _ _ _ _ _ _ _ _ _ _ _ _ _ _ _ _ _ _ _ _ _ _ _ _ _ _ _ _ _ _ _ _ _ _ _ _ _ _ _ _ _ _ _ грѣхъ ч. – No 156: грѣхи грѣшьникъ ч. – No 532: грѣшьника грѣшьнъ прикм. – No 41: грѣшнаго; No 4252: г [ рѣшнаго ]; No 516, No 520: грѣшънаго; No 529: гр [ ѣ ] шъна [ г ] о; No 521: г / р / р [ ѣшъ ] наго; No 519: г { рѣшънаго }; No 513: г [ рѣ ] шьнаг [ о ]; No 528: грѣш [ ьн ] аго; No 526: гр [ ѣшьнаго ]; No 156: грѣшѣнаго; No 156: г [ рѣ ] шѣна [ г ] о; No 603: грѣшьнамоу; No 476: грешън ( о ) мꙋ; No 312: гр { ѣшьномоу } июнь ч. – No 152: иоунѧ; No 710: [ и ] юнꙗ; No 4334: и [ юнѧ ]; No 4281: [ и ] ю [ нѧ ] Д да спол. – No 156: да быхъ Даниилъ особ., ч. – No 4250: Дан { иилъ }; No 74: Данила дати док. – No 494: да [ и ]; No 156, No 529: даите Димитрии особ., ч. – No 469: Дъми [ т ] р [ ию ] добро с. – No 4321: добро добръ прикм. – No 509: доброе дьнь с. – No 14, No 152: дьнь; No 4290: дь [ нь ]; No 710: днꙗ К к цифр., 20 – No 4271: к͠в; No 2030: ҂ ах͠ке Климентъ особ., ч. – No 4259: Кл ( иментъ ) [ С ] иниски ( и ) Козма особ., ч. – No 607: Козьма; No 590: Късъмоу Константинъ особ., ч. – No 4282: К [ о ] стантин ( ь ) Коровинъ особ, ч. – No 2030: Коровинъ Котинъ особ., ч. – No 705: Котин ( ь ) Красныи Бродъ вл. назва – No 2030б: Бро [ да ] Красна Е е цифр., 5 – No 685: ѕх҃е; No 2030: ҂ ах͠ке; No 710: ҂ а͠хн͠е Емелиꙗнъ особ., ч. – No 467: Ом [ ел ] е; No 496: Амельѧ ( на ) Еуфимиꙗ особ., ж. – No 4282: Евъфимию Еѵдокиꙗ особ., ж. – No 601: Еудокиа Ѕ ѕ цифр., 6000 – No 685: ѕх҃е҃ З за займ. – No 40, No 41, No 224, No 506, No 508, No 513, No 514, No 515, No 516, No 518, No 519, No 520, No 521, No 522, No 528, No 530, No 532, No 558, No 4252: за; No 526: з [ а ]; No 523: [ за ] завѣтъ ч. – No 156: заветъ Захариѧ особ., ч. – No 518: Захариоу; No 4252: За [ харию ] И и спол. – No 73, No 156, No 478, No 494, No 529, No 553, No 709, No 4295: и; No 2030б: і; No 528: та Иванъ особ., ч. – No 622: Иванъ; No 700: [ И ] ва [ нъ ]; No 506: Ивана; No 312: Иванови; No 4340: Івана Ивановичь особ., ч. – No 4351: Иван [ овичь ] изокъ ч. – No 4246: із { ока } изъ прийм. – No 2030б: з Иларионъ особ., ч. – No 4299: Ла [ рионъ ]; No 4281: Иларион ( о ) ви [ ч ] ( ь ) Илиꙗ особ., ч. – No 674: Илиꙗ; No 476: Илии Иоакимъ особ., ч. – No 4309: Ѧким Иосифъ особ., ч. – No 2030а: Іосифъ ити недок. – No 601: шьль І і цифр., 10 – No 710: і Іꙍанъ особ., ч. – No 597: [ І ] ꙍа ( нъ ); No 702: Іоанъ; No 702, No 4281: Іоан ( ъ ); No 4329: Иоан [ ъ ]; No 41: Иоана; No 532: Иоан [ а ]; No 4338: Ио [ а ] на No 718: И [ о ] а [ на ]; No 4295: Ио [ ану ]; No 524: Иꙍ ( анова ) Л Лазарь особ., ч. – No 605: Лазара; No 152: Лазоръ Левонович особ., ч. – No 510: Левонович ледѧньнъ прикм. – No 73: ледѧна Лоука особ., ч. – No 573: Лоуце; No 603: [ Лу ] це лѫка ж. – No 493: [ л ] уко М м цифр., 40 – No 588, No 517, No 521, No 526: м; No 39, No 40, No 41, No 42, No 156, No 224, No 502, No 508, No 513, No 514, No 515, No 516, No 520, No 523, No 527, No 590: м҃; No 529: [ м ] Марковичь особ., ч. – No 702: М [ арко ] вічь; No 702: М ( а ) рк ( овічь ) Маркъ особ., ч. – No 719г: Марка Мартинъ особ., ч. – No 4282: Мартин Меркурии особ., ч. – No 553: М [ ер ] ъку [ ри ] оу месѧць ч. – No 152: м ( ѣ ) с ( ѧ ) ца; No 4246: м ( ѣсѧ ) ца мещанинъ ч. – No 591: мещан милость ж. – No 529: [ м ] илость Михаилъ особ., ч. – No 40: Михаила; No 478: Михалови Михаиловичь особ., ч. – No 703: Михаилови ( чь ) многогрѣшьнъ прикм. – No 4341: многогрѣныи молити недок. – No 4252: моли; No 719б: молю; No 40, No 506, No 514, No 516, No 520, No 521, No 528: молите; No 41: молит [ е ]; No 532: [ м ] олите; No 513: моли [ те ]; No 526: м [ оли ] те; No 530: мол [ ите ]; No 522: [ молит ] е; No 523: мо [ л ] ить; No 4330: молили Моисии особ., ч. – No 4314: Мо [ исеи ] монахъ ж. – No 2030а: м ( о ) н ( ахъ ) мрецъ ж. – No 691: мрецъ мѫка ж. – No 529: [ м ] ѫ [ къ ] мѫченикъ ч. – No 42: мѫченѥци; No 516: моученикъ; No 40, No 41, No 156, No 502, No 529: м ( оу ) ч ( е ) н ( и ) къ; 230 Вказівник слів до графіті та дипітні _ _ _ _ _ _ _ _ _ _ _ _ _ _ _ _ _ _ _ _ _ _ _ _ _ _ _ _ _ _ _ _ _ _ _ _ _ _ _ _ _ _ _ _ _ _ _ _ _ _ _ _ _ _ _ _ _ _ _ _ _ _ _ _ _ _ _ _ _ _ _ _ _ _ _ _ _ _ _ _ _ _ _ _ _ _ _ _ _ _ _ _ _ _ _ _ _ _ _ _ <focus_corpus>",other,other,B-inscription,
проквітлий,4,46,41.10405,0.00482,41.902,"Найвірогідніше, що це ліва частина перекладини та пагону проквітлого хреста. <focus_corpus>",other ,other ,B-inscription,
орнітоморфний,4,178,41.10405,0.01864,41.334,"Орнітоморфні зображення 546, 547. <focus_corpus>",other,other,B-inscription,
іхтіоморфний,2,4,20.55203,0.00042,21.543,"Фергюсона21 ); 4 ) предмети релігійного вжитку та артефакти, що включають малюнки різних предметів, які можуть бути пов'язані з християнським символізмом ( чаші, списи, євхаристичний хліб тощо ); 5 ) символи, пов'язані з землею та небом, куди відносяться малюнки небесних тіл, зображення яких також може тлумачитись з позицій християнського символізму ( сонце, зірка ); 6 ) антропоморфні зображення, що складають схематичні або реалістичні малюнки людей, які не можуть розглядатись як зображення святих, оскільки не мають відповідних атрибутів ( німби, підписи ); 7 ) зооморфні зображення, що містять малюнки різноманітних тварин ( коні, собаки, кішки тощо ); 8 ) орнітоморфні зображення, що об'єднують малюнки різноманітних птахів ( голуби, павичі, соколи тощо ); 9 ) іхтіоморфні зображення, що включають різноманітні зображення риб; 10 ) зображення храмів, до яких відносяться малюнки культових споруд; 11 ) сюжетні зображення, куди відносять малюнки, що мають на меті висвітлення певної події релігійного чи світського змісту; 12 ) емблеми, до яких зараховують протогеральдичні символи, тобто, різноманітні літерні, геометричні або інші знаки, близькі до клейм на предметах, печатках, князівські тамги тощо. _ _ _ _ _ _ _ _ _ _ _ _ _ _ _ _ _ _ _ _ _ _ _ _ _ _ _ <focus_corpus>",other ,other ,B-inscription,
перемичкка,1,0,10.27601,0,11.276,"Друга чверть XV – початок XVI ст.; за формою написання и з діагональною перемичккою, ꙗ з видовженою спинкою та нахиленою перемичкою. <focus_corpus>",other,other,B-inscription,
слова-звернення,1,60,10.27601,0.00628,11.206,"Права частина напису знищена обвалом тиньку, проте його складові збереглись доволі добре, текст впевнено реконструюється як традиційна молитва, що складається зі слова-звернення Г ( оспод ) [ и ] 'Господи '. <focus_corpus>",othe ,othe ,B-inscription,
